kind,protocol,eta,step,loss,delta,correct_min,correct_max
identity_decoupled,one_step,0.001,1,5.701789147971709,8.673617379884035e-19,0.0033399843822693813,0.003339984382269382
identity_decoupled,one_step,0.0010750942544107047,1,5.701639461127714,0.0,0.003340484371410526,0.003340484371410526
identity_decoupled,one_step,0.0011558276558669076,1,5.7014785337455365,0.0,0.003341021990073233,0.003341021990073233
identity_decoupled,one_step,0.0012426236719115056,1,5.701305521738411,4.336808689942018e-19,0.0033416000770001304,0.003341600077000131
identity_decoupled,one_step,0.0013359375700667908,1,5.701119517635561,0.0,0.003342221686133683,0.003342221686133683
identity_decoupled,one_step,0.0014362588058302048,1,5.700919545822713,0.0,0.0033428901030932534,0.0033428901030932534
identity_decoupled,one_step,0.0015441135899948314,1,5.700704557425286,4.336808689942018e-19,0.00334360886293903,0.0033436088629390306
identity_decoupled,one_step,0.0016600676487609296,1,5.70047342480741,8.673617379884035e-19,0.0033443817693271736,0.0033443817693271745
identity_decoupled,one_step,0.0017847291911159613,1,5.700224935657887,4.336808689942018e-19,0.003345212915169806,0.0033452129151698064
identity_decoupled,one_step,0.0019187520990478343,1,5.699957786632126,0.0,0.003346106704923277,0.003346106704923277
identity_decoupled,one_step,0.0020628393573248038,1,5.699670576516746,0.0,0.0033470678786388635,0.0033470678786388635
identity_decoupled,one_step,0.002217746740832167,1,5.699361798880897,0.0,0.0033481015379226717,0.0033481015379226717
identity_decoupled,one_step,0.0023842867788067264,1,5.699029834175978,0.0,0.0033492131739635044,0.0033492131739635044
identity_decoupled,one_step,0.002563333016762518,1,5.69867294124215,8.673617379884035e-19,0.0033504086978034856,0.0033504086978034865
identity_decoupled,one_step,0.0027558245984626384,1,5.698289248177169,0.0,0.0033516944730414364,0.0033516944730414364
identity_decoupled,one_step,0.00296277119197087,1,5.697876742519819,0.0,0.003353077351176192,0.003353077351176192
identity_decoupled,one_step,0.0031852582856214335,1,5.697433260696287,8.673617379884035e-19,0.0033545647098182263,0.003354564709818227
identity_decoupled,one_step,0.003424452881685694,1,5.696956476674285,0.0,0.0033561644940181008,0.0033561644940181008
identity_decoupled,one_step,0.0036816096176004666,1,5.696443889765543,4.336808689942018e-19,0.0033578852609849447,0.003357885260984945
identity_decoupled,one_step,0.003958077346865453,1,5.695892811512538,0.0,0.003359736228495511,0.003359736228495511
identity_decoupled,one_step,0.0042553062141282095,1,5.695300351590941,4.336808689942018e-19,0.003361727327322906,0.0033617273273229063
identity_decoupled,one_step,0.004574855261567406,1,5.6946634026539735,4.336808689942018e-19,0.0033638692580482583,0.0033638692580482588
identity_decoupled,one_step,0.004918400606471694,1,5.693978624038957,0.0,0.0033661735526556726,0.0033661735526556726
identity_decoupled,one_step,0.005287744232907843,1,5.693242424251096,0.0,0.0033686526413513464,0.0033686526413513464
identity_decoupled,one_step,0.005684823443592555,1,5.692450942132577,4.336808689942018e-19,0.003371319925094929,0.0033713199250949293
identity_decoupled,one_step,0.006111721021545632,1,5.691600026618285,0.0,0.003374189854383342,0.003374189854383342
identity_decoupled,one_step,0.006570676154824825,1,5.690685214972345,8.673617379884035e-19,0.003377278014884974,0.003377278014884975
identity_decoupled,one_step,0.007064096181645591,1,5.689701709391391,0.0,0.0033806012205888454,0.0033806012205888454
identity_decoupled,one_step,0.007594569217491763,1,5.68864435185213,8.673617379884035e-19,0.003384177615207381,0.003384177615207382
identity_decoupled,one_step,0.008164877730449795,1,5.687507597071621,8.673617379884035e-19,0.003388026782654832,0.003388026782654833
identity_decoupled,one_step,0.008778013135972481,1,5.686285483438681,4.336808689942018e-19,0.003392169867519256,0.0033921698675192565
identity_decoupled,one_step,0.009437191487625705,1,5.68497160176445,8.673617379884035e-19,0.0033966297065528735,0.0033966297065528743
identity_decoupled,one_step,0.01014587034612,1,5.683559061688549,0.0,0.0034014309723282253,0.0034014309723282253
identity_decoupled,one_step,0.010907766915109553,1,5.682040455565261,0.0,0.0034066003303466503,0.0034066003303466503
identity_decoupled,one_step,0.01172687753888545,1,5.680407819640914,0.0,0.003412166611044374,0.003412166611044374
identity_decoupled,one_step,0.012607498664233685,1,5.678652592319466,8.673617379884035e-19,0.0034181609983225977,0.0034181609983225986
identity_decoupled,one_step,0.013554249376408261,1,5.676765569298365,0.0,0.003424617236435437,0.003424617236435437
identity_decoupled,one_step,0.01457209562742639,1,5.674736855340315,0.0,0.00343157185730695,0.00343157185730695
identity_decoupled,one_step,0.015666376283769455,1,5.672555812429044,0.0,0.0034390644306226408,0.0034390644306226408
identity_decoupled,one_step,0.01684283113011666,1,5.670211004038672,0.0,0.0034471378393538077,0.0034471378393538077
identity_decoupled,one_step,0.018107630975998167,1,5.667690135225825,0.0,0.00345583858373661,0.00345583858373661
identity_decoupled,one_step,0.019467410023284917,1,5.664979988232042,0.0,0.0034652171171470287,0.0034652171171470287
identity_decoupled,one_step,0.020929300664290964,1,5.662066353261139,0.0,0.0034753282177965327,0.0034753282177965327
identity_decoupled,one_step,0.02250097089301335,1,5.658933954070786,8.673617379884035e-19,0.0034862314007377856,0.0034862314007377865
identity_decoupled,one_step,0.02419066452574114,1,5.655566367990967,0.0,0.0034979913753234943,0.0034979913753234943
identity_decoupled,one_step,0.02600724444200114,1,5.651945939953632,0.0,0.003510678554023735,0.003510678554023735
identity_decoupled,one_step,0.02796023907265014,1,5.648053690086348,4.336808689942018e-19,0.0035243696193988723,0.0035243696193988728
identity_decoupled,one_step,0.03005989237895584,1,5.643869214390632,0.0,0.0035391481570656727,0.0035391481570656727
identity_decoupled,one_step,0.03231721758481955,1,5.6393705779892835,0.0,0.0035551053637187025,0.0035551053637187025
identity_decoupled,one_step,0.034744054943980064,1,5.634534200390087,4.336808689942018e-19,0.003572340840704387,0.0035723408407043874
identity_decoupled,one_step,0.037353133845202786,1,5.6293347321718645,0.0,0.003590963485340321,0.003590963485340321
identity_decoupled,one_step,0.040158139581211526,1,5.62374492245577,0.0,0.0036110924941728903,0.0036110924941728903
identity_decoupled,one_step,0.043173785131583584,1,5.617735476478101,8.673617379884035e-19,0.00363285849473553,0.003632858494735531
identity_decoupled,one_step,0.046415888336127795,1,5.611274902531073,0.0,0.003656404825184396,0.003656404825184396
identity_decoupled,one_step,0.04990145486353981,1,5.604329347485069,0.0,0.0036818889845361643,0.0036818889845361643
identity_decoupled,one_step,0.05364876741052673,1,5.596862420048656,4.336808689942018e-19,0.003709484280233346,0.0037094842802333464
identity_decoupled,one_step,0.057677481599273515,1,5.5888350008627015,0.0,0.0037393817045456254,0.0037393817045456254
identity_decoupled,one_step,0.06200872907625806,1,5.580205038460081,0.0,0.0037717920770630516,0.0037717920770630516
identity_decoupled,one_step,0.06666522835319501,1,5.570927330054037,0.0,0.0038069484974544896,0.0038069484974544896
identity_decoupled,one_step,0.07167140397149752,1,5.560953286045563,0.0,0.0038451091610186773,0.0038451091610186773
identity_decoupled,one_step,0.07705351461530549,1,5.550230677062909,0.0,0.0038865605996785757,0.0038865605996785757
identity_decoupled,one_step,0.08283979084506615,1,5.538703362265239,0.0,0.003931621423372572,0.003931621423372572
identity_decoupled,one_step,0.08906058317411505,1,5.526310997556294,0.0,0.0039806466518022,0.0039806466518022
identity_decoupled,one_step,0.09574852126495773,1,5.512988722264651,0.0,0.00403403274485906,0.00403403274485906
identity_decoupled,one_step,0.10293868508027716,1,5.4986668227527025,8.673617379884035e-19,0.004092223462610482,0.004092223462610483
identity_decoupled,one_step,0.11066878888639885,1,5.483270371319984,0.0,0.004155716713526306,0.004155716713526306
identity_decoupled,one_step,0.11897937907435857,1,5.46671883866604,0.0,0.004225072584040382,0.004225072584040382
identity_decoupled,one_step,0.12791404683619606,1,5.448925678077219,0.0,0.0043009227852844984,0.0043009227852844984
identity_decoupled,one_step,0.13751965681201608,1,5.429797879399406,0.0,0.004383981806161618,0.004383981806161618
identity_decoupled,one_step,0.14784659290713031,1,5.4092354907601,8.673617379884035e-19,0.004475060128720062,0.004475060128720063
identity_decoupled,one_step,0.15894902256865417,1,5.3871311059082725,0.0,0.00457507994583318,0.00457507994583318
identity_decoupled,one_step,0.17088518090775742,1,5.363369314955465,8.673617379884035e-19,0.004685093927397064,0.004685093927397065
identity_decoupled,one_step,0.18371767615786375,1,5.337826116231433,0.0,0.004806307716098207,0.004806307716098207
identity_decoupled,one_step,0.19751381807100576,1,5.310368286919799,0.0,0.0049401070058197015,0.0049401070058197015
identity_decoupled,one_step,0.21234597097485938,1,5.280852710124757,8.673617379884035e-19,0.005088090276266782,0.005088090276266783
identity_decoupled,one_step,0.22829193334233344,1,5.249125656053156,8.673617379884035e-19,0.005252108541518827,0.005252108541518828
identity_decoupled,one_step,0.24543534586465413,1,5.215022015096991,8.673617379884035e-19,0.0054343138382177475,0.005434313838217748
identity_decoupled,one_step,0.2638661301683936,1,5.178364480796552,0.0,0.00563721865831937,0.00563721865831937
identity_decoupled,one_step,0.2836809604776269,1,5.1389626809917965,8.673617379884035e-19,0.005863769158836473,0.005863769158836474
identity_decoupled,one_step,0.3049837706952067,1,5.096612255980886,8.673617379884035e-19,0.006117435807369492,0.0061174358073694925
identity_decoupled,one_step,0.32788629956292836,1,5.051093883271044,1.734723475976807e-18,0.006402326216865222,0.0064023262168652235
identity_decoupled,one_step,0.35250867676009123,1,5.002172249629785,0.0,0.0067233263817756,0.0067233263817756
identity_decoupled,one_step,0.3789800530146942,1,4.949594972763641,1.734723475976807e-18,0.007086278483679317,0.0070862784836793185
identity_decoupled,one_step,0.40743927753236175,1,4.8930914772656555,3.469446951953614e-18,0.007498206073385694,0.007498206073385697
identity_decoupled,one_step,0.4380356262962904,1,4.832371832766439,0.0,0.007967601019826711,0.007967601019826711
identity_decoupled,one_step,0.47092958505833615,1,4.7671255668979855,0.0,0.008504791512995373,0.008504791512995373
identity_decoupled,one_step,0.5062936911282341,1,4.6970204723205775,1.734723475976807e-18,0.00912241714374744,0.009122417143747442
identity_decoupled,one_step,0.5443134383763522,1,4.621701436513846,1.734723475976807e-18,0.009836046407482162,0.009836046407482164
identity_decoupled,one_step,0.585188250196951,1,4.540789336531006,1.734723475976807e-18,0.01066498496798977,0.010664984967989772
identity_decoupled,one_step,0.6291325255353956,1,4.453880060276427,1.734723475976807e-18,0.01163334122266062,0.011633341222660621
identity_decoupled,one_step,0.6763767634659994,1,4.360543743787257,0.0,0.01277144136930965,0.01277144136930965
identity_decoupled,one_step,0.7271687722192037,1,4.260324354497003,0.0,0.014117722520663208,0.014117722520663208
identity_decoupled,one_step,0.781774968999752,1,4.152739809562382,0.0,0.01572128410006538,0.01572128410006538
identity_decoupled,one_step,0.8404817774137396,1,4.037282905137016,6.938893903907228e-18,0.017645351433986767,0.017645351433986774
identity_decoupled,one_step,0.9035971298344078,1,3.913423460730461,3.469446951953614e-18,0.019972010497551873,0.019972010497551877
identity_decoupled,one_step,0.9714520825869748,1,3.7806122733327574,1.0408340855860843e-17,0.02280872197674839,0.0228087219767484
identity_decoupled,one_step,1.0444025524245693,1,3.63828776027671,2.0816681711721685e-17,0.02629733277667878,0.0262973327766788
identity_decoupled,one_step,1.1228311834035287,1,3.4858865949687177,2.0816681711721685e-17,0.03062659300535348,0.0306265930053535
identity_decoupled,one_step,1.207149353950305,1,3.3228602748998823,1.3877787807814457e-17,0.03604957246219949,0.0360495724621995
identity_decoupled,one_step,1.2977993346475665,1,3.1487005049254866,6.938893903907228e-18,0.042907849192438584,0.04290784919243859
identity_decoupled,one_step,1.3952566080576332,1,2.9629776601379096,6.938893903907228e-17,0.0516648475460017,0.05166484754600177
identity_decoupled,one_step,1.5000323627513292,1,2.765398556575774,2.7755575615628914e-17,0.06295100481063207,0.0629510048106321
identity_decoupled,one_step,1.612676174624067,1,2.555892394489815,1.3877787807814457e-16,0.07762293087410457,0.07762293087410471
identity_decoupled,one_step,1.7337788895633677,1,2.3347368743150456,2.7755575615628914e-17,0.0968359592026227,0.09683595920262272
identity_decoupled,one_step,1.8639757225881473,1,2.102739159707825,2.636779683484747e-16,0.12212145951462193,0.1221214595146222
identity_decoupled,one_step,2.0039495897155577,1,1.8614856916766043,1.3877787807814457e-16,0.15544152055825516,0.1554415205582553
identity_decoupled,one_step,2.154434690031884,1,1.6136640059752434,1.304512053934559e-15,0.19915656476517293,0.19915656476517424
identity_decoupled,one_step,2.3162203567563844,1,1.3634255746107615,5.551115123125783e-17,0.2557830704952164,0.2557830704952165
identity_decoupled,one_step,2.4901551974979004,1,1.116683625655963,5.551115123125783e-17,0.3273636568158994,0.32736365681589946
identity_decoupled,one_step,2.6771515454209447,1,0.8811199011427024,0.0,0.4143186558336648,0.4143186558336648
identity_decoupled,one_step,2.8781902446687946,1,0.6655697889269023,8.659739592076221e-15,0.5139805838111582,0.5139805838111668
identity_decoupled,one_step,3.0943257951443592,1,0.4785452917530235,8.659739592076221e-15,0.6196841961541936,0.6196841961542022
identity_decoupled,one_step,3.3266918836345343,1,0.32613730029123744,8.770761894538737e-15,0.7217060901724548,0.7217060901724636
identity_decoupled,one_step,3.57650733029021,1,0.21023496248745605,1.199040866595169e-14,0.8103938114528189,0.8103938114528308
identity_decoupled,one_step,3.845082481652771,1,0.1281588121667942,4.107825191113079e-15,0.8797136588179749,0.879713658817979
identity_decoupled,one_step,4.1338260837601455,1,0.07394676726706709,8.215650382226158e-15,0.9287211308893641,0.9287211308893724
identity_decoupled,one_step,4.444252671383635,1,0.0404235941192126,4.218847493575595e-15,0.9603825405821008,0.960382540582105
identity_decoupled,one_step,4.777990512153968,1,0.0209414164679165,2.0872192862952943e-14,0.9792763323554704,0.9792763323554913
identity_decoupled,one_step,5.136790147245589,1,0.010272576539967727,1.9984014443252818e-15,0.9897800061670925,0.9897800061670945
identity_decoupled,one_step,5.522533573417248,1,0.004762389631564253,9.658940314238862e-15,0.9952489325652335,0.9952489325652432
identity_decoupled,one_step,5.937244114571097,1,0.002080628743330831,2.220446049250313e-16,0.9979215342642541,0.9979215342642543
identity_decoupled,one_step,6.383097034609155,1,0.0008534895402342746,4.440892098500626e-16,0.9991468745783655,0.9991468745783659
identity_decoupled,one_step,6.862430947254305,1,0.00032731682118245994,4.218847493575595e-15,0.9996727367411208,0.999672736741125
identity_decoupled,one_step,7.3777600826833085,1,0.00011678978045242438,1.3100631690576847e-14,0.999883217039198,0.9998832170392111
identity_decoupled,one_step,7.931787475313466,1,3.856556957411151e-05,2.864375403532904e-14,0.9999614351740622,0.9999614351740909
identity_decoupled,one_step,8.527419141916292,1,1.1717810963688146e-05,3.552713678800501e-15,0.9999882822576889,0.9999882822576924
identity_decoupled,one_step,9.16777932442606,1,3.2556562257690974e-06,2.4868995751603507e-14,0.9999967443490689,0.9999967443490938
identity_decoupled,one_step,9.856226877395704,1,8.216012896982972e-07,1.687538997430238e-14,0.9999991783990343,0.9999991783990512
identity_decoupled,one_step,10.596372886056477,1,1.8697286172197813e-07,1.4654943925052066e-14,0.999999813027144,0.9999998130271587
identity_decoupled,one_step,11.392099607392687,1,3.8073175532460514e-08,9.325873406851315e-15,0.9999999619268177,0.999999961926827
identity_decoupled,one_step,12.247580833582317,1,6.879531857311846e-09,2.4646951146678475e-14,0.9999999931204633,0.9999999931204879
identity_decoupled,one_step,13.16730378461501,1,1.0931982047803958e-09,7.771561172376096e-15,0.9999999989068002,0.999999998906808
identity_decoupled,one_step,14.156092644919916,1,1.5130513787465793e-10,3.552713678800501e-15,0.9999999998486941,0.9999999998486977
identity_decoupled,one_step,15.219133867459028,1,1.8056948899240487e-11,7.549516567451064e-15,0.9999999999819416,0.9999999999819491
identity_decoupled,one_step,16.36200337801256,1,1.8543426053950564e-12,2.3092638912203256e-14,0.999999999998141,0.9999999999981641
identity_decoupled,one_step,17.590695822349833,1,1.3764970644796413e-13,2.4424906541753444e-14,0.9999999999998428,0.9999999999998672
identity_decoupled,one_step,18.91165600969468,1,2.2326585025211953e-15,1.1102230246251565e-14,0.9999999999999889,1.0
identity_decoupled,one_step,20.33181271741441,1,1.0676644753478589e-16,6.661338147750939e-16,0.9999999999999993,1.0
identity_decoupled,one_step,21.858615034246718,1,-0.0,0.0,1.0,1.0
identity_decoupled,one_step,23.50007143269408,1,-0.0,0.0,1.0,1.0
identity_decoupled,one_step,25.26479177553053,1,-0.0,0.0,1.0,1.0
identity_decoupled,one_step,27.162032476755684,1,-0.0,0.0,1.0,1.0
identity_decoupled,one_step,29.20174505387698,1,-0.0,0.0,1.0,1.0
identity_decoupled,one_step,31.394628326189352,1,-0.0,0.0,1.0,1.0
identity_decoupled,one_step,33.75218453284571,1,-0.0,0.0,1.0,1.0
identity_decoupled,one_step,36.28677966507226,1,-0.0,0.0,1.0,1.0
identity_decoupled,one_step,39.01170832898636,1,-0.0,0.0,1.0,1.0
identity_decoupled,one_step,41.94126347923944,1,-0.0,0.0,1.0,1.0
identity_decoupled,one_step,45.09081138925582,1,-0.0,0.0,1.0,1.0
identity_decoupled,one_step,48.476872251305664,1,-0.0,0.0,1.0,1.0
identity_decoupled,one_step,52.11720682918042,1,-0.0,0.0,1.0,1.0
identity_decoupled,one_step,56.030909617986175,1,-0.0,0.0,1.0,1.0
identity_decoupled,one_step,60.23850899970239,1,-0.0,0.0,1.0,1.0
identity_decoupled,one_step,64.76207491984752,1,-0.0,0.0,1.0,1.0
identity_decoupled,one_step,69.62533465004364,1,-0.0,0.0,1.0,1.0
identity_decoupled,one_step,74.85379724368443,1,-0.0,0.0,1.0,1.0
identity_decoupled,one_step,80.47488733750892,1,-0.0,0.0,1.0,1.0
identity_decoupled,one_step,86.51808900090455,1,-0.0,0.0,1.0,1.0
identity_decoupled,one_step,93.01510038746642,1,-0.0,0.0,1.0,1.0
identity_decoupled,one_step,100.0,1,-0.0,0.0,1.0,1.0
identity_decoupled,multi_step,0.15,0,5.703782474656201,0.0,0.0033333333333333335,0.0033333333333333335
identity_decoupled,multi_step,0.15,1,5.4049479912030876,8.673617379884035e-19,0.004494288137624239,0.00449428813762424
identity_decoupled,multi_step,0.15,2,5.106519122618232,8.673617379884035e-19,0.006057130398711012,0.006057130398711013
identity_decoupled,multi_step,0.15,3,4.80863602082594,0.0,0.0081589807913667,0.0081589807913667
identity_decoupled,multi_step,0.15,4,4.511486445792739,1.734723475976807e-18,0.010982123705598638,0.01098212370559864
identity_decoupled,multi_step,0.15,5,4.215321276127042,3.469446951953614e-18,0.014767576535068497,0.014767576535068501
identity_decoupled,multi_step,0.15,6,3.920474541932258,6.938893903907228e-18,0.01983168154658736,0.019831681546587366
identity_decoupled,multi_step,0.15,7,3.627388871226893,3.469446951953614e-18,0.026585512053271095,0.026585512053271098
identity_decoupled,multi_step,0.15,8,3.3366470572028204,1.3877787807814457e-17,0.03555597523169508,0.0355559752316951
identity_decoupled,multi_step,0.15,9,3.04900989255289,3.469446951953614e-17,0.047405838035809694,0.04740583803580973
identity_decoupled,multi_step,0.15,10,2.765459207666563,6.938893903907228e-17,0.06294718687930594,0.062947186879306
identity_decoupled,multi_step,0.15,11,2.487242839850589,1.6653345369377348e-16,0.08313887805879887,0.08313887805879903
identity_decoupled,multi_step,0.15,12,2.2159147136843256,1.942890293094024e-16,0.10905371568580256,0.10905371568580276
identity_decoupled,multi_step,0.15,13,1.9533582745332394,2.220446049250313e-16,0.14179707758186852,0.14179707758186874
identity_decoupled,multi_step,0.15,14,1.7017759469367504,9.71445146547012e-16,0.1823593757281068,0.18235937572810776
identity_decoupled,multi_step,0.15,15,1.4636233819817013,1.3877787807814457e-16,0.23139631665985005,0.2313963166598502
identity_decoupled,multi_step,0.15,16,1.2414692532291598,1.1102230246251565e-16,0.2889593514370457,0.2889593514370458
identity_decoupled,multi_step,0.15,17,1.0377743689493764,3.7192471324942744e-15,0.3542422177308842,0.35424221773088793
identity_decoupled,multi_step,0.15,18,0.8546100759324239,3.1086244689504383e-15,0.4254490515684086,0.42544905156841173
identity_decoupled,multi_step,0.15,19,0.6933689918499529,1.9984014443252818e-15,0.49988910665414754,0.49988910665414954
identity_decoupled,multi_step,0.15,20,0.5545440344942789,1.0658141036401503e-14,0.5743340780305107,0.5743340780305214
identity_decoupled,multi_step,0.15,21,0.43764515042805996,4.440892098500626e-16,0.6455548170690459,0.6455548170690464
identity_decoupled,multi_step,0.15,22,0.34128211005938147,1.609823385706477e-14,0.7108583396281157,0.7108583396281318
identity_decoupled,multi_step,0.15,23,0.2633851610870719,1.0769163338864018e-14,0.7684458648600557,0.7684458648600665
identity_decoupled,multi_step,0.15,24,0.20149421176508994,1.509903313490213e-14,0.8175083094765279,0.817508309476543
identity_decoupled,multi_step,0.15,25,0.153040543860734,1.2101430968414206e-14,0.8580949306247405,0.8580949306247526
identity_decoupled,multi_step,0.15,26,0.1155679251896364,8.881784197001252e-16,0.8908600583434895,0.8908600583434904
identity_decoupled,multi_step,0.15,27,0.08687305285171987,1.9761969838327786e-14,0.9167934725630241,0.9167934725630439
identity_decoupled,multi_step,0.15,28,0.06507150088752746,1.9872992140790302e-14,0.9370004646173589,0.9370004646173787
identity_decoupled,multi_step,0.15,29,0.04860839287412262,7.438494264988549e-15,0.9525540836349581,0.9525540836349655
identity_decoupled,multi_step,0.15,30,0.03623504067914497,2.2426505097428162e-14,0.9644135904166727,0.9644135904166952
identity_decoupled,multi_step,0.15,31,0.026968893274185238,1.6542323066914832e-14,0.9733915200765232,0.9733915200765397
identity_decoupled,multi_step,0.15,32,0.020048569805468236,3.086420008457935e-14,0.9801510664039862,0.9801510664040171
identity_decoupled,multi_step,0.15,33,0.01489080947145198,2.4202861936828413e-14,0.9852195103691695,0.9852195103691938
equal_block_decoupled,one_step,0.001,1,5.699131399776366,8.673617379884035e-19,0.003348873026390618,0.003348873026390619
equal_block_decoupled,one_step,0.0010750942544107047,1,5.698782133705984,4.336808689942018e-19,0.003350042878395654,0.0033500428783956545
equal_block_decoupled,one_step,0.0011558276558669076,1,5.698406640217846,8.673617379884035e-19,0.00335130103388128,0.0033513010338812807
equal_block_decoupled,one_step,0.0012426236719115056,1,5.698002949855037,0.0,0.0033526541949222017,0.0033526541949222017
equal_block_decoupled,one_step,0.0013359375700667908,1,5.69756894527692,4.336808689942018e-19,0.003354109577990245,0.0033541095779902456
equal_block_decoupled,one_step,0.0014362588058302048,1,5.697102350155707,4.336808689942018e-19,0.003355674954325433,0.0033556749543254332
equal_block_decoupled,one_step,0.0015441135899948314,1,5.696600717239428,0.0,0.0033573586936130775,0.0033573586936130775
equal_block_decoupled,one_step,0.0016600676487609296,1,5.696061415518866,4.336808689942018e-19,0.003359169811258605,0.0033591698112586054
equal_block_decoupled,one_step,0.0017847291911159613,1,5.695481616431201,0.0,0.0033611180195806116,0.0033611180195806116
equal_block_decoupled,one_step,0.0019187520990478343,1,5.694858279027957,4.336808689942018e-19,0.0033632137832750385,0.003363213783275039
equal_block_decoupled,one_step,0.0020628393573248038,1,5.694188134029762,0.0,0.0033654683795385997,0.0033654683795385997
equal_block_decoupled,one_step,0.002217746740832167,1,5.6934676666842226,8.673617379884035e-19,0.003367893963280504,0.0033678939632805047
equal_block_decoupled,one_step,0.0023842867788067264,1,5.692693098337202,4.336808689942018e-19,0.0033705036378958012,0.0033705036378958017
equal_block_decoupled,one_step,0.002563333016762518,1,5.691860366620952,8.673617379884035e-19,0.0033733115321238367,0.0033733115321238375
equal_block_decoupled,one_step,0.0027558245984626384,1,5.690965104155515,0.0,0.0033763328835722415,0.0033763328835722415
equal_block_decoupled,one_step,0.00296277119197087,1,5.690002615651585,0.0,0.0033795841295505605,0.0033795841295505605
equal_block_decoupled,one_step,0.0031852582856214335,1,5.688967853295279,4.336808689942018e-19,0.003383083005928395,0.0033830830059283956
equal_block_decoupled,one_step,0.003424452881685694,1,5.687855390285749,8.673617379884035e-19,0.0033868486548148413,0.003386848654814842
equal_block_decoupled,one_step,0.0036816096176004666,1,5.686659392387396,4.336808689942018e-19,0.0033909017419467584,0.003390901741946759
equal_block_decoupled,one_step,0.003958077346865453,1,5.6853735873475415,8.673617379884035e-19,0.003395264584777755,0.003395264584777756
equal_block_decoupled,one_step,0.0042553062141282095,1,5.683991232019908,8.673617379884035e-19,0.0033999612923767135,0.0033999612923767144
equal_block_decoupled,one_step,0.004574855261567406,1,5.68250507702172,4.336808689942018e-19,0.003405017918379339,0.0034050179183793394
equal_block_decoupled,one_step,0.004918400606471694,1,5.680907328739777,4.336808689942018e-19,0.0034104626283881796,0.00341046262838818
equal_block_decoupled,one_step,0.005287744232907843,1,5.679189608486902,0.0,0.0034163258833909173,0.0034163258833909173
equal_block_decoupled,one_step,0.005684823443592555,1,5.677342908595241,8.673617379884035e-19,0.0034226406409661177,0.0034226406409661185
equal_block_decoupled,one_step,0.006111721021545632,1,5.6753575452172615,8.673617379884035e-19,0.003429442576273057,0.003429442576273058
equal_block_decoupled,one_step,0.006570676154824825,1,5.673223107587709,4.336808689942018e-19,0.0034367703250856477,0.003436770325085648
equal_block_decoupled,one_step,0.007064096181645591,1,5.670928403481956,0.0,0.0034446657514302123,0.0034446657514302123
equal_block_decoupled,one_step,0.007594569217491763,1,5.668461400585973,8.673617379884035e-19,0.0034531742427357354,0.0034531742427357363
equal_block_decoupled,one_step,0.008164877730449795,1,5.66580916347233,4.336808689942018e-19,0.0034623450358051686,0.003462345035805169
equal_block_decoupled,one_step,0.008778013135972481,1,5.662957785853571,0.0,0.003472231577381965,0.003472231577381965
equal_block_decoupled,one_step,0.009437191487625705,1,5.659892317760141,8.673617379884035e-19,0.0034828919236230297,0.0034828919236230306
equal_block_decoupled,one_step,0.01014587034612,1,5.656596687263851,0.0,0.0034943891834156703,0.0034943891834156703
equal_block_decoupled,one_step,0.010907766915109553,1,5.653053616339425,4.336808689942018e-19,0.0035067920112045437,0.003506792011204544
equal_block_decoupled,one_step,0.01172687753888545,1,5.649244530427033,4.336808689942018e-19,0.003520175155844504,0.0035201751558445044
equal_block_decoupled,one_step,0.012607498664233685,1,5.645149461225889,0.0,0.003534620072989212,0.003534620072989212
equal_block_decoupled,one_step,0.013554249376408261,1,5.6407469422147445,0.0,0.0035502156096915306,0.0035502156096915306
equal_block_decoupled,one_step,0.01457209562742639,1,5.636013896357656,4.336808689942018e-19,0.0035670587712598066,0.003567058771259807
equal_block_decoupled,one_step,0.015666376283769455,1,5.630925515413706,8.673617379884035e-19,0.0035852555820279582,0.003585255582027959
equal_block_decoupled,one_step,0.01684283113011666,1,5.625455130226804,4.336808689942018e-19,0.0036049220535990818,0.003604922053599082
equal_block_decoupled,one_step,0.018107630975998167,1,5.619574071326088,8.673617379884035e-19,0.0036261852763759535,0.0036261852763759543
equal_block_decoupled,one_step,0.019467410023284917,1,5.613251519118515,0.0,0.003649184652863469,0.003649184652863469
equal_block_decoupled,one_step,0.020929300664290964,1,5.6064543429032545,0.0,0.003674073294407665,0.003674073294407665
equal_block_decoupled,one_step,0.02250097089301335,1,5.599146927881854,0.0,0.0037010196068258216,0.0037010196068258216
equal_block_decoupled,one_step,0.02419066452574114,1,5.591290989278588,8.673617379884035e-19,0.003730209094918834,0.003730209094918835
equal_block_decoupled,one_step,0.02600724444200114,1,5.5828453726223515,8.673617379884035e-19,0.0037618464212942388,0.0037618464212942396
equal_block_decoupled,one_step,0.02796023907265014,1,5.573765839173982,0.0,0.0037961577614717356,0.0037961577614717356
equal_block_decoupled,one_step,0.03005989237895584,1,5.564004835411511,8.673617379884035e-19,0.0038333935051387867,0.0038333935051387876
equal_block_decoupled,one_step,0.03231721758481955,1,5.553511245410007,8.673617379884035e-19,0.003873831362977832,0.003873831362977833
equal_block_decoupled,one_step,0.034744054943980064,1,5.542230124872488,8.673617379884035e-19,0.0039177799500926805,0.003917779950092681
equal_block_decoupled,one_step,0.037353133845202786,1,5.530102415484335,0.0,0.003965582931196426,0.003965582931196426
equal_block_decoupled,one_step,0.040158139581211526,1,5.517064638174222,0.0,0.004017623830009993,0.004017623830009993
equal_block_decoupled,one_step,0.043173785131583584,1,5.503048563772918,8.673617379884035e-19,0.004074331626522962,0.0040743316265229625
equal_block_decoupled,one_step,0.046415888336127795,1,5.487980859464075,0.0,0.004136187291882621,0.004136187291882621
equal_block_decoupled,one_step,0.04990145486353981,1,5.471782709323031,0.0,0.004203731442951333,0.004203731442951333
equal_block_decoupled,one_step,0.05364876741052673,1,5.454369407137493,8.673617379884035e-19,0.004277573338624682,0.004277573338624683
equal_block_decoupled,one_step,0.057677481599273515,1,5.435649919603194,0.0,0.004358401489901619,0.004358401489901619
equal_block_decoupled,one_step,0.06200872907625806,1,5.4155264178863405,0.0,0.004446996218127124,0.004446996218127124
equal_block_decoupled,one_step,0.06666522835319501,1,5.393893775449532,0.0,0.004544244574266598,0.004544244574266598
equal_block_decoupled,one_step,0.07167140397149752,1,5.370639029948114,0.0,0.004651158131070015,0.004651158131070015
equal_block_decoupled,one_step,0.07705351461530549,1,5.3456408069295245,0.0,0.004768894285492184,0.004768894285492184
equal_block_decoupled,one_step,0.08283979084506615,1,5.318768703012534,0.0,0.004898781868617568,0.004898781868617568
equal_block_decoupled,one_step,0.08906058317411505,1,5.289882626197051,8.673617379884035e-19,0.00504235206499676,0.0050423520649967605
equal_block_decoupled,one_step,0.09574852126495773,1,5.258832090973428,8.673617379884035e-19,0.005201375906589461,0.005201375906589462
equal_block_decoupled,one_step,0.10293868508027716,1,5.2254554659772685,8.673617379884035e-19,0.005377909946994762,0.005377909946994763
equal_block_decoupled,one_step,0.11066878888639885,1,5.1895791720999895,8.673617379884035e-19,0.0055743521643063796,0.00557435216430638
equal_block_decoupled,one_step,0.11897937907435857,1,5.151016829248747,8.673617379884035e-19,0.005793510719597886,0.0057935107195978865
equal_block_decoupled,one_step,0.12791404683619606,1,5.109568350398592,8.673617379884035e-19,0.006038688958794177,0.006038688958794178
equal_block_decoupled,one_step,0.13751965681201608,1,5.0650189822618294,1.734723475976807e-18,0.006313791051631988,0.0063137910516319895
equal_block_decoupled,one_step,0.14784659290713031,1,5.017138292902721,0.0,0.006623453999536518,0.006623453999536518
equal_block_decoupled,one_step,0.15894902256865417,1,4.965679108079152,1.734723475976807e-18,0.006973213535106326,0.006973213535106328
equal_block_decoupled,one_step,0.17088518090775742,1,4.910376400174725,0.0,0.007369713847662753,0.007369713847662753
equal_block_decoupled,one_step,0.18371767615786375,1,4.8509461365497755,1.734723475976807e-18,0.007820974337877703,0.007820974337877705
equal_block_decoupled,one_step,0.19751381807100576,1,4.7870840983508,1.734723475976807e-18,0.008336731062746057,0.008336731062746058
equal_block_decoupled,one_step,0.21234597097485938,1,4.71846468679786,1.734723475976807e-18,0.008928876652513656,0.008928876652513658
equal_block_decoupled,one_step,0.22829193334233344,1,4.644739742472799,1.734723475976807e-18,0.009612030937570506,0.009612030937570508
equal_block_decoupled,one_step,0.24543534586465413,1,4.56553741526313,3.469446951953614e-18,0.010404286281782272,0.010404286281782275
equal_block_decoupled,one_step,0.2638661301683936,1,4.480461139992102,1.734723475976807e-18,0.011328188069455214,0.011328188069455215
equal_block_decoupled,one_step,0.2836809604776269,1,4.389088797783625,5.204170427930421e-18,0.012412033942055258,0.012412033942055263
equal_block_decoupled,one_step,0.3049837706952067,1,4.2909721794310824,5.204170427930421e-18,0.013691608125275591,0.013691608125275596
equal_block_decoupled,one_step,0.32788629956292836,1,4.185636919804806,6.938893903907228e-18,0.015212513704394998,0.015212513704395005
equal_block_decoupled,one_step,0.35250867676009123,1,4.072583149680337,3.469446951953614e-18,0.017033331983616295,0.0170333319836163
equal_block_decoupled,one_step,0.3789800530146942,1,3.951287225455512,3.469446951953614e-18,0.019229932578313968,0.01922993257831397
equal_block_decoupled,one_step,0.40743927753236175,1,3.821205066453844,6.938893903907228e-18,0.02190139235221731,0.021901392352217317
equal_block_decoupled,one_step,0.4380356262962904,1,3.68177788172586,1.734723475976807e-17,0.025178171208771673,0.02517817120877169
equal_block_decoupled,one_step,0.47092958505833615,1,3.5324414452837276,0.0,0.029233456785621077,0.029233456785621077
equal_block_decoupled,one_step,0.5062936911282341,1,3.3726406424479785,2.0816681711721685e-17,0.03429894640120783,0.03429894640120785
equal_block_decoupled,one_step,0.5443134383763522,1,3.2018518493935533,2.0816681711721685e-17,0.04068678836637878,0.040686788366378804
equal_block_decoupled,one_step,0.585188250196951,1,3.019616943598596,1.3877787807814457e-17,0.0488199155619153,0.04881991556191531
equal_block_decoupled,one_step,0.6291325255353956,1,2.8255945187985736,6.245004513516506e-17,0.05927340719735825,0.05927340719735831
equal_block_decoupled,one_step,0.6763767634659994,1,2.6196363137691585,1.1102230246251565e-16,0.0728293450415282,0.07282934504152831
equal_block_decoupled,one_step,0.7271687722192037,1,2.401899900677335,1.3877787807814457e-17,0.09054576181365764,0.09054576181365766
equal_block_decoupled,one_step,0.781774968999752,1,2.173011674580256,2.0816681711721685e-16,0.11383426837090628,0.11383426837090649
equal_block_decoupled,one_step,0.8404817774137396,1,1.934295001062671,2.220446049250313e-16,0.1445261236791508,0.14452612367915102
equal_block_decoupled,one_step,0.9035971298344078,1,1.6880716188230747,1.0269562977782698e-15,0.18487569127259867,0.1848756912725997
equal_block_decoupled,one_step,0.9714520825869748,1,1.4380189821618798,5.551115123125783e-16,0.23739758200896297,0.23739758200896352
equal_block_decoupled,one_step,1.0444025524245693,1,1.1895050576132904,1.27675647831893e-15,0.3043718733336092,0.3043718733336105
equal_block_decoupled,one_step,1.1228311834035287,1,0.9497134351369713,3.7192471324942744e-15,0.386851865723903,0.38685186572390673
equal_block_decoupled,one_step,1.207149353950305,1,0.7272495004330451,1.4432899320127035e-15,0.4832363051116632,0.48323630511166465
equal_block_decoupled,one_step,1.2977993346475665,1,0.5309254527272746,0.0,0.5880604955852563,0.5880604955852563
equal_block_decoupled,one_step,1.3952566080576332,1,0.3677790250777926,5.773159728050814e-15,0.6922701391283644,0.6922701391283702
equal_block_decoupled,one_step,1.5000323627513292,1,0.24107111441505863,1.1324274851176597e-14,0.7857857437078029,0.7857857437078142
equal_block_decoupled,one_step,1.612676174624067,1,0.1494165969201881,1.2878587085651816e-14,0.8612102626127282,0.861210262612741
equal_block_decoupled,one_step,1.7337788895633677,1,0.08762768081258475,1.0436096431476471e-14,0.9161018955487922,0.9161018955488026
equal_block_decoupled,one_step,1.8639757225881473,1,0.048677076772476395,7.993605777301127e-15,0.9524886607538758,0.9524886607538838
equal_block_decoupled,one_step,2.0039495897155577,1,0.025625652811163867,2.275957200481571e-14,0.9746998974886661,0.9746998974886889
equal_block_decoupled,one_step,2.154434690031884,1,0.012778629181697611,9.325873406851315e-15,0.987302670830816,0.9873026708308253
equal_block_decoupled,one_step,2.3162203567563844,1,0.006026435990192078,1.199040866595169e-14,0.9939916865521146,0.9939916865521266
equal_block_decoupled,one_step,2.4901551974979004,1,0.002680849904977939,8.215650382226158e-15,0.9973227403640812,0.9973227403640894
equal_block_decoupled,one_step,2.6771515454209447,1,0.001121048487689806,2.5202062658991053e-14,0.9988795796523987,0.9988795796524239
equal_block_decoupled,one_step,2.8781902446687946,1,0.0004388598958439925,7.549516567451064e-15,0.9995612363890729,0.9995612363890805
equal_block_decoupled,one_step,3.0943257951443592,1,0.00016008213787474575,2.886579864025407e-15,0.9998399306745864,0.9998399306745893
equal_block_decoupled,one_step,3.3266918836345343,1,5.41287215878948e-05,1.0436096431476471e-14,0.9999458727433366,0.999945872743347
equal_block_decoupled,one_step,3.57650733029021,1,1.6870696012030914e-05,3.26405569239796e-14,0.9999831294462712,0.9999831294463039
equal_block_decoupled,one_step,3.845082481652771,1,4.817395718188686e-06,1.9984014443252818e-15,0.9999951826158838,0.9999951826158858
equal_block_decoupled,one_step,4.1338260837601455,1,1.2520286190356048e-06,2.5979218776228663e-14,0.9999987479721596,0.9999987479721856
equal_block_decoupled,one_step,4.444252671383635,1,2.940834336638912e-07,1.887379141862766e-14,0.9999997059166058,0.9999997059166247
equal_block_decoupled,one_step,4.777990512153968,1,6.195573251049443e-08,1.4210854715202004e-14,0.999999938044258,0.9999999380442722
equal_block_decoupled,one_step,5.136790147245589,1,1.1611783215948223e-08,2.4202861936828413e-14,0.9999999883881975,0.9999999883882217
equal_block_decoupled,one_step,5.522533573417248,1,1.919170932165434e-09,1.7319479184152442e-14,0.9999999980808256,0.999999998080843
equal_block_decoupled,one_step,5.937244114571097,1,2.77111050070907e-10,3.219646771412954e-14,0.9999999997228826,0.9999999997229148
equal_block_decoupled,one_step,6.383097034609155,1,3.459069012764736e-11,3.9968028886505635e-15,0.9999999999654061,0.9999999999654101
equal_block_decoupled,one_step,6.862430947254305,1,3.7132125152508185e-12,2.353672812205332e-14,0.9999999999962821,0.9999999999963056
equal_block_decoupled,one_step,7.3777600826833085,1,3.322562595424549e-13,1.5543122344752192e-15,0.9999999999996665,0.999999999999668
equal_block_decoupled,one_step,7.931787475313466,1,5.001184651594818e-15,2.5091040356528538e-14,0.9999999999999749,1.0
equal_block_decoupled,one_step,8.527419141916292,1,3.005003653318758e-16,1.5543122344752192e-15,0.9999999999999984,1.0
equal_block_decoupled,one_step,9.16777932442606,1,-0.0,0.0,1.0,1.0
equal_block_decoupled,one_step,9.856226877395704,1,-0.0,0.0,1.0,1.0
equal_block_decoupled,one_step,10.596372886056477,1,-0.0,0.0,1.0,1.0
equal_block_decoupled,one_step,11.392099607392687,1,-0.0,0.0,1.0,1.0
equal_block_decoupled,one_step,12.247580833582317,1,-0.0,0.0,1.0,1.0
equal_block_decoupled,one_step,13.16730378461501,1,-0.0,0.0,1.0,1.0
equal_block_decoupled,one_step,14.156092644919916,1,-0.0,0.0,1.0,1.0
equal_block_decoupled,one_step,15.219133867459028,1,-0.0,0.0,1.0,1.0
equal_block_decoupled,one_step,16.36200337801256,1,-0.0,0.0,1.0,1.0
equal_block_decoupled,one_step,17.590695822349833,1,-0.0,0.0,1.0,1.0
equal_block_decoupled,one_step,18.91165600969468,1,-0.0,0.0,1.0,1.0
equal_block_decoupled,one_step,20.33181271741441,1,-0.0,0.0,1.0,1.0
equal_block_decoupled,one_step,21.858615034246718,1,-0.0,0.0,1.0,1.0
equal_block_decoupled,one_step,23.50007143269408,1,-0.0,0.0,1.0,1.0
equal_block_decoupled,one_step,25.26479177553053,1,-0.0,0.0,1.0,1.0
equal_block_decoupled,one_step,27.162032476755684,1,-0.0,0.0,1.0,1.0
equal_block_decoupled,one_step,29.20174505387698,1,-0.0,0.0,1.0,1.0
equal_block_decoupled,one_step,31.394628326189352,1,-0.0,0.0,1.0,1.0
equal_block_decoupled,one_step,33.75218453284571,1,-0.0,0.0,1.0,1.0
equal_block_decoupled,one_step,36.28677966507226,1,-0.0,0.0,1.0,1.0
equal_block_decoupled,one_step,39.01170832898636,1,-0.0,0.0,1.0,1.0
equal_block_decoupled,one_step,41.94126347923944,1,-0.0,0.0,1.0,1.0
equal_block_decoupled,one_step,45.09081138925582,1,-0.0,0.0,1.0,1.0
equal_block_decoupled,one_step,48.476872251305664,1,-0.0,0.0,1.0,1.0
equal_block_decoupled,one_step,52.11720682918042,1,-0.0,0.0,1.0,1.0
equal_block_decoupled,one_step,56.030909617986175,1,-0.0,0.0,1.0,1.0
equal_block_decoupled,one_step,60.23850899970239,1,-0.0,0.0,1.0,1.0
equal_block_decoupled,one_step,64.76207491984752,1,-0.0,0.0,1.0,1.0
equal_block_decoupled,one_step,69.62533465004364,1,-0.0,0.0,1.0,1.0
equal_block_decoupled,one_step,74.85379724368443,1,-0.0,0.0,1.0,1.0
equal_block_decoupled,one_step,80.47488733750892,1,-0.0,0.0,1.0,1.0
equal_block_decoupled,one_step,86.51808900090455,1,-0.0,0.0,1.0,1.0
equal_block_decoupled,one_step,93.01510038746642,1,-0.0,0.0,1.0,1.0
equal_block_decoupled,one_step,100.0,1,-0.0,0.0,1.0,1.0
equal_block_decoupled,multi_step,0.15,0,5.703782474656201,0.0,0.0033333333333333335,0.0033333333333333335
equal_block_decoupled,multi_step,0.15,1,5.007155953763158,1.734723475976807e-18,0.006689902668425478,0.00668990266842548
equal_block_decoupled,multi_step,0.15,2,4.313914967025354,5.204170427930421e-18,0.013381060504120435,0.01338106050412044
equal_block_decoupled,multi_step,0.15,3,3.627388871226893,3.469446951953614e-18,0.026585512053271095,0.026585512053271098
equal_block_decoupled,multi_step,0.15,4,2.9539832205384116,3.469446951953614e-17,0.052131640018066326,0.05213164001806636
equal_block_decoupled,multi_step,0.15,5,2.3054826553300924,2.914335439641036e-16,0.09971066315460414,0.09971066315460443
equal_block_decoupled,multi_step,0.15,6,1.7017759469367504,9.71445146547012e-16,0.1823593757281068,0.18235937572810776
equal_block_decoupled,multi_step,0.15,7,1.1714067413108236,1.1102230246251565e-15,0.309930642219588,0.3099306422195891
equal_block_decoupled,multi_step,0.15,8,0.7446295514048972,6.38378239159465e-15,0.47491019717279703,0.4749101971728034
equal_block_decoupled,multi_step,0.15,9,0.43764515042805996,4.440892098500626e-16,0.6455548170690459,0.6455548170690464
equal_block_decoupled,multi_step,0.15,10,0.241103468294092,8.992806499463768e-15,0.7857603209021717,0.7857603209021807
equal_block_decoupled,multi_step,0.15,11,0.12698089661755685,1.0658141036401503e-14,0.8807504977500348,0.8807504977500454
equal_block_decoupled,multi_step,0.15,12,0.06507150088752746,1.9872992140790302e-14,0.9370004646173589,0.9370004646173787
equal_block_decoupled,multi_step,0.15,13,0.03284279890864167,6.661338147750939e-15,0.9676906696621468,0.9676906696621534
equal_block_decoupled,multi_step,0.15,14,0.01644408018573798,9.658940314238862e-15,0.9836903856363428,0.9836903856363525
hetero_block_decoupled,one_step,0.001,1,5.7000196046950435,5.355143631969022e-06,0.003342635674870977,0.003347990818502946
hetero_block_decoupled,one_step,0.0010750942544107047,1,5.699737043985873,5.7588180717919706e-06,0.003343335258659073,0.003349094076730865
hetero_block_decoupled,one_step,0.0011558276558669076,1,5.699433266025805,6.193045659742737e-06,0.00334408753805541,0.003350280583715153
hetero_block_decoupled,one_step,0.0012426236719115056,1,5.699106677744915,6.660158204020543e-06,0.00334489649530825,0.0033515566535122707
hetero_block_decoupled,one_step,0.0013359375700667908,1,5.698755566477772,7.16266848178361e-06,0.003345766415632653,0.0033529290841144365
hetero_block_decoupled,one_step,0.0014362588058302048,1,5.698378090987942,7.703284749375084e-06,0.0033467019105751917,0.003354405195324567
hetero_block_decoupled,one_step,0.0015441135899948314,1,5.697972271819349,8.284926487956128e-06,0.0033477079432293875,0.0033559928697173436
hetero_block_decoupled,one_step,0.0016600676487609296,1,5.697535980924023,8.910741499024936e-06,0.0033487898554562653,0.0033577005969552902
hetero_block_decoupled,one_step,0.0017847291911159613,1,5.697066930512159,9.584124479447564e-06,0.003349953397277466,0.0033595375217569134
hetero_block_decoupled,one_step,0.0019187520990478343,1,5.696562661066116,1.0308737216649811e-05,0.0033512047586252334,0.003361513495841883
hetero_block_decoupled,one_step,0.0020628393573248038,1,5.6960205284559,1.1088530563023447e-05,0.0033525506036489756,0.003363639134211999
hetero_block_decoupled,one_step,0.002217746740832167,1,5.695437690088835,1.1927768363811063e-05,0.0033539981077982104,0.0033659258761620215
hetero_block_decoupled,one_step,0.0023842867788067264,1,5.694811090021229,1.2831053534583924e-05,0.0033555549979215763,0.00336838605145616
hetero_block_decoupled,one_step,0.002563333016762518,1,5.694137442954265,1.380335650585018e-05,0.003357229595645286,0.003371032952151136
hetero_block_decoupled,one_step,0.0027558245984626384,1,5.6934132170309235,1.4850046278186424e-05,0.003359030864319462,0.0033738809105976486
hetero_block_decoupled,one_step,0.00296277119197087,1,5.692634615344085,1.5976924360489204e-05,0.0033609684598497297,0.003376945384210219
hetero_block_decoupled,one_step,0.0031852582856214335,1,5.691797556059718,1.719026189649477e-05,0.0033630527857627206,0.0033802430476592153
hetero_block_decoupled,one_step,0.003424452881685694,1,5.690897651051559,1.8496840322694032e-05,0.003365295052889675,0.0033837918932123692
hetero_block_decoupled,one_step,0.0036816096176004666,1,5.689930182936362,1.9903995942979064e-05,0.0033677073440917444,0.0033876113400347235
hetero_block_decoupled,one_step,0.003958077346865453,1,5.688890080390141,2.1419668854857736e-05,0.0033703026844949737,0.0033917223533498314
hetero_block_decoupled,one_step,0.0042553062141282095,1,5.6877718916174285,2.3052456717570415e-05,0.0033730951177518447,0.003396147574469415
hetero_block_decoupled,one_step,0.004574855261567406,1,5.68656975583569,2.481167391686634e-05,0.0033760997889027843,0.0034009114628196506
hetero_block_decoupled,one_step,0.004918400606471694,1,5.685277372627155,2.6707416754561796e-05,0.0033793330344725424,0.0034060404512271042
hetero_block_decoupled,one_step,0.005287744232907843,1,5.683887968999267,2.8750635376061356e-05,0.0033828124805074474,0.003411563115883509
hetero_block_decoupled,one_step,0.005684823443592555,1,5.68239426398322,3.095321324657384e-05,0.003386557149338775,0.003417510362585349
hetero_block_decoupled,one_step,0.006111721021545632,1,5.68078843058762,3.332805509908849e-05,0.0033905875759474152,0.0034239156310465037
hetero_block_decoupled,one_step,0.006570676154824825,1,5.67906205491075,3.588918440841898e-05,0.0033949259349064474,0.0034308151193148664
hetero_block_decoupled,one_step,0.007064096181645591,1,5.6772060922005725,3.8651851595687854e-05,0.0033995961789941584,0.0034382480305898463
hetero_block_decoupled,one_step,0.007594569217491763,1,5.675210819636094,4.16326543436164e-05,0.0034046241907011105,0.003446256845044727
hetero_block_decoupled,one_step,0.008164877730449795,1,5.673065785587285,4.484967160653299e-05,0.0034100379480040653,0.0034548876196105983
hetero_block_decoupled,one_step,0.008778013135972481,1,5.670759755092849,4.832261313692573e-05,0.003415867705950543,0.003464190319087469
hetero_block_decoupled,one_step,0.009437191487625705,1,5.668280651276465,5.20729866269002e-05,0.0034221461957922358,0.003474219182419136
hetero_block_decoupled,one_step,0.01014587034612,1,5.6656154924015745,5.612428488817366e-05,0.0034289088436292954,0.003485033128517469
hetero_block_decoupled,one_step,0.010907766915109553,1,5.6627503242432695,6.050219587324865e-05,0.003436194010782961,0.0034966962066562096
hetero_block_decoupled,one_step,0.01172687753888545,1,5.659670147432635,6.523483878754328e-05,0.003444043258409072,0.003509278097196615
hetero_block_decoupled,one_step,0.012607498664233685,1,5.656358839404131,7.035303006712847e-05,0.003452501639203564,0.0035228546692706924
hetero_block_decoupled,one_step,0.013554249376408261,1,5.652799070550177,7.589058361551692e-05,0.0034616180194431355,0.0035375086030586525
hetero_block_decoupled,one_step,0.01457209562742639,1,5.64897221415896,8.188465042630565e-05,0.0034714454350560802,0.003553330085482386
hetero_block_decoupled,one_step,0.015666376283769455,1,5.644858249681352,8.83761035839906e-05,0.0034820414859435948,0.0035704175895275854
hetero_block_decoupled,one_step,0.01684283113011666,1,5.640435658840885,9.540997566589863e-05,0.0034934687733804357,0.0035888787490463343
hetero_block_decoupled,one_step,0.018107630975998167,1,5.635681314066682,0.00010303595679323234,0.003505795386032211,0.0036088313428254432
hetero_block_decoupled,one_step,0.019467410023284917,1,5.6305703586929825,0.00011130896304082684,0.0035190954409536537,0.0036304044039944805
hetero_block_decoupled,one_step,0.020929300664290964,1,5.625076078330494,0.0001202897866641752,0.003533449686896809,0.0036537394735609843
hetero_block_decoupled,one_step,0.02250097089301335,1,5.619169762774122,0.00013004584169847315,0.0035489461783899164,0.0036789920200883896
hetero_block_decoupled,one_step,0.02419066452574114,1,5.612820557768293,0.00014065202100752667,0.003565681030374091,0.0037063330513816177
hetero_block_decoupled,one_step,0.02600724444200114,1,5.6059953059058945,0.00015219168389779374,0.0035837592647476324,0.003735950948645426
hetero_block_decoupled,one_step,0.02796023907265014,1,5.598658375888345,0.00016475779709203405,0.003603295762008912,0.003768053559100946
hetero_block_decoupled,one_step,0.03005989237895584,1,5.590771479324226,0.00017845425631359945,0.003624416333366023,0.0038028705896796223
hetero_block_decoupled,one_step,0.03231721758481955,1,5.5822934741906245,0.00019339742115613437,0.0036472589312625397,0.003840656352418674
hetero_block_decoupled,one_step,0.034744054943980064,1,5.573180154026151,0.00020971790253204552,0.0036719750193335544,0.0038816929218656
hetero_block_decoupled,one_step,0.037353133845202786,1,5.563384021866947,0.00022756265009388644,0.0036987311264596277,0.003926293776553514
hetero_block_decoupled,one_step,0.040158139581211526,1,5.55285404787743,0.00024709739697295185,0.0037277106139491653,0.003974808010922117
hetero_block_decoupled,one_step,0.043173785131583584,1,5.541535409566073,0.0002685095314444259,0.0037591156901055998,0.004027625221550026
hetero_block_decoupled,one_step,0.046415888336127795,1,5.529369213414071,0.00029201148029300763,0.003793169712716039,0.0040851811930090465
hetero_block_decoupled,one_step,0.04990145486353981,1,5.516292196681369,0.0003178447074828508,0.0038301198275612334,0.004147964535044084
hetero_block_decoupled,one_step,0.05364876741052673,1,5.5022364080914725,0.00034628445518928175,0.0038702400001923327,0.0042165244553816145
hetero_block_decoupled,one_step,0.057677481599273515,1,5.4871288660346345,0.0003776453835913681,0.003913834509302977,0.004291479892894345
hetero_block_decoupled,one_step,0.06200872907625806,1,5.47089119286993,0.0004122883026616321,0.0039612419835105385,0.004373530286172171
hetero_block_decoupled,one_step,0.06666522835319501,1,5.453439223852163,0.00045062823564180014,0.004012840079814531,0.004463468315456331
hetero_block_decoupled,one_step,0.07167140397149752,1,5.43468258916248,0.0004931441127050207,0.004069050922152325,0.004562195034857346
hetero_block_decoupled,one_step,0.07705351461530549,1,5.414524267484459,0.0005403904680952049,0.004130347443240169,0.004670737911335374
hetero_block_decoupled,one_step,0.08283979084506615,1,5.392860109545552,0.0005930116095677652,0.004197260803437341,0.004790272413005107
hetero_block_decoupled,one_step,0.08906058317411505,1,5.369578330042219,0.0006517588515415305,0.004270389098201519,0.00492214794974305
hetero_block_decoupled,one_step,0.09574852126495773,1,5.344558966393312,0.0007175115614262506,0.004350407612727568,0.005067919174153819
hetero_block_decoupled,one_step,0.10293868508027716,1,5.317673302830535,0.0007913029733537576,0.004438080941052873,0.005229383914406631
hetero_block_decoupled,one_step,0.11066878888639885,1,5.288783258449762,0.0008743519901550836,0.0045342773604722586,0.005408629350627342
hetero_block_decoupled,one_step,0.11897937907435857,1,5.257740738030291,0.0009681025433547086,0.004639985944691727,0.0056080884880464355
hetero_block_decoupled,one_step,0.12791404683619606,1,5.22438694470374,0.0010742725400195528,0.00475633701620584,0.005830609556225393
hetero_block_decoupled,one_step,0.13751965681201608,1,5.188551653951909,0.0011949150325324355,0.004884626687050089,0.006079541719582525
hetero_block_decoupled,one_step,0.14784659290713031,1,5.150052448975433,0.0013324950550335293,0.005026346426778956,0.006358841481812485
hetero_block_decoupled,one_step,0.15894902256865417,1,5.1086939182606,0.0014899866506205726,0.005183218839754517,0.006673205490375089
hetero_block_decoupled,one_step,0.17088518090775742,1,5.064266817259151,0.0016709960668068605,0.005357241147262755,0.007028237214069616
hetero_block_decoupled,one_step,0.18371767615786375,1,5.016547197594822,0.0018799190634741407,0.005550738275933044,0.007430657339407185
hetero_block_decoupled,one_step,0.19751381807100576,1,4.965295509273351,0.002122142954669527,0.00576642798251377,0.007888570937183297
hetero_block_decoupled,one_step,0.21234597097485938,1,4.910255684212928,0.002404307671333374,0.00600750113701338,0.008411808808346754
hetero_block_decoupled,one_step,0.22829193334233344,1,4.851154213332516,0.002734645181241214,0.006277721197079606,0.00901236637832082
hetero_block_decoupled,one_step,0.24543534586465413,1,4.787699234865428,0.003123423597813548,0.006581548112333452,0.009704971710147
hetero_block_decoupled,one_step,0.2638661301683936,1,4.719579659123511,0.003583532055984948,0.006924293502985086,0.010507825558970034
hetero_block_decoupled,one_step,0.2836809604776269,1,4.646464365515639,0.004131256085639792,0.007312316107609114,0.011443572193248906
hetero_block_decoupled,one_step,0.3049837706952067,1,4.568001522523213,0.004787312429320406,0.007753269392663343,0.012540581821983749
hetero_block_decoupled,one_step,0.32788629956292836,1,4.483818102461775,0.005578239409685926,0.008256417144395269,0.013834656554081195
hetero_block_decoupled,one_step,0.35250867676009123,1,4.393519693024021,0.006538277451227668,0.008833038220845106,0.015371315672072774
hetero_block_decoupled,one_step,0.3789800530146942,1,4.296690750974694,0.007711929007415439,0.009496948991549046,0.017208877998964485
hetero_block_decoupled,one_step,0.40743927753236175,1,4.192895506159621,0.009157464619978328,0.010265182136032109,0.019422646756010437
hetero_block_decoupled,one_step,0.4380356262962904,1,4.081679815450483,0.010951751128733932,0.011158874550279047,0.02211062567901298
hetero_block_decoupled,one_step,0.47092958505833615,1,3.962574400147181,0.01319693052451728,0.012204436752277208,0.025401367276794488
hetero_block_decoupled,one_step,0.5062936911282341,1,3.835100097070354,0.016029686196215052,0.013435103710132667,0.02946478990634772
hetero_block_decoupled,one_step,0.5443134383763522,1,3.6987760428016987,0.019634106777949446,0.014893005753555198,0.034527112531504645
hetero_block_decoupled,one_step,0.585188250196951,1,3.5531321343980644,0.024259490249072622,0.016631952861319157,0.04089144311039178
hetero_block_decoupled,one_step,0.6291325255353956,1,3.397727725078859,0.030244769823984056,0.018721202690712185,0.04896597251469624
hetero_block_decoupled,one_step,0.6763767634659994,1,3.2321793881135394,0.03805141924326316,0.02125059114726416,0.05930201039052732
hetero_block_decoupled,one_step,0.7271687722192037,1,3.0562017777109,0.04830627177124447,0.02433755568879765,0.07264382746004212
hetero_block_decoupled,one_step,0.781774968999752,1,2.8696671275953225,0.06185366314249974,0.02813678971039707,0.08999045285289681
hetero_block_decoupled,one_step,0.8404817774137396,1,2.6726905341188827,0.07981060269271809,0.0328535444065059,0.11266414709922398
hetero_block_decoupled,one_step,0.9035971298344078,1,2.4657490918076013,0.10360546654920652,0.03876194621970478,0.1423674127689113
hetero_block_decoupled,one_step,0.9714520825869748,1,2.249841196686331,0.1349543633640653,0.0462300953589768,0.1811844587230421
hetero_block_decoupled,one_step,1.0444025524245693,1,2.02668375953404,0.17568570673831435,0.05575404171239086,0.23143974845070522
hetero_block_decoupled,one_step,1.1228311834035287,1,1.7989228940626207,0.22727325335568654,0.0680026880417481,0.2952759413974346
hetero_block_decoupled,one_step,1.207149353950305,1,1.5702913325408694,0.2899366130409207,0.08387450587697831,0.37381111891789903
hetero_block_decoupled,one_step,1.2977993346475665,1,1.3455891426604005,0.3613441742788214,0.10456307703826354,0.46590725131708494
hetero_block_decoupled,one_step,1.3952566080576332,1,1.1303342644922214,0.43542507993572993,0.131618845278395,0.5670439252141249
hetero_block_decoupled,one_step,1.5000323627513292,1,0.9300092842971002,0.502344808455337,0.1669741843221376,0.6693189927774746
hetero_block_decoupled,one_step,1.612676174624067,1,0.7490721828406599,0.5505205567509303,0.21286284326565366,0.7633834000165839
hetero_block_decoupled,one_step,1.7337788895633677,1,0.5901708822958984,0.5701342408579231,0.27151618952000506,0.8416504303779281
hetero_block_decoupled,one_step,1.8639757225881473,1,0.4540005905271868,0.5562146312075806,0.34449181301420073,0.9007064442217814
hetero_block_decoupled,one_step,2.0039495897155577,1,0.33984281132744565,0.5098582671429699,0.4315824374102194,0.9414407045531893
hetero_block_decoupled,one_step,2.154434690031884,1,0.24634647769907886,0.4377915172965371,0.5295988494810085,0.9673903667775456
hetero_block_decoupled,one_step,2.3162203567563844,1,0.17200848873951463,0.3509424002788327,0.6318624550435574,0.9828048553223901
hetero_block_decoupled,one_step,2.4901551974979004,1,0.11515885808534962,0.26201420137375797,0.7293893872904547,0.9914035886642126
hetero_block_decoupled,one_step,2.6771515454209447,1,0.0737061753482488,0.18218906337663965,0.8137377889544571,0.9959268523310968
hetero_block_decoupled,one_step,2.8781902446687946,1,0.04504468030629563,0.11829941071227368,0.8798745550170772,0.9981739657293509
hetero_block_decoupled,one_step,3.0943257951443592,1,0.026284372385473057,0.07204952311913226,0.9271780507774744,0.9992275738966067
hetero_block_decoupled,one_step,3.3266918836345343,1,0.014648261084404503,0.041353645466538635,0.9583391542411368,0.9996927997076754
hetero_block_decoupled,one_step,3.57650733029021,1,0.007795838994947003,0.022451783917821433,0.977433831649975,0.9998856155677964
hetero_block_decoupled,one_step,3.845082481652771,1,0.003958680100958154,0.011554756777525266,0.9884055591574256,0.9999603159349508
hetero_block_decoupled,one_step,4.1338260837601455,1,0.0019146717558762097,0.005639254396855975,0.9943479849656229,0.9999872393624789
hetero_block_decoupled,one_step,4.444252671383635,1,0.0008798058761672209,0.0026071232185268522,0.9973890956331424,0.9999962188516692
hetero_block_decoupled,one_step,4.777990512153968,1,0.00038283762896860845,0.0011391663476332248,0.9988598076704706,0.9999989740181038
hetero_block_decoupled,one_step,5.136790147245589,1,0.00015714663087876933,0.00046892168709811166,0.9995308251136338,0.9999997468007319
hetero_block_decoupled,one_step,5.522533573417248,1,6.0584429375568495e-05,0.00018112748307042015,0.9998188161018631,0.9999999435849335
hetero_block_decoupled,one_step,5.937244114571097,1,2.1831384260749415e-05,6.535206536972815e-05,0.9999346366759051,0.9999999887412748
hetero_block_decoupled,one_step,6.383097034609155,1,7.3142465760551424e-06,2.1913548078567047e-05,0.9999780844565438,0.9999999980046224
hetero_block_decoupled,one_step,6.862430947254305,1,2.265348443117011e-06,6.790670931566822e-06,0.9999932090178976,0.9999999996888291
hetero_block_decoupled,one_step,7.3777600826833085,1,6.445940825999654e-07,1.932904293067139e-06,0.9999980670534299,0.9999999999577229
hetero_block_decoupled,one_step,7.931787475313466,1,1.673874608545995e-07,5.020364144403544e-07,0.999999497958634,0.9999999999950484
hetero_block_decoupled,one_step,8.527419141916292,1,3.9384317032639385e-08,1.1813726041864925e-07,0.9999998818622511,0.9999999999995115
hetero_block_decoupled,one_step,9.16777932442606,1,8.33167172895079e-09,2.499332785177444e-08,0.9999999750066306,0.9999999999999585
hetero_block_decoupled,one_step,9.856226877395704,1,1.5716017063703385e-09,4.7146737625070045e-09,0.9999999952853262,1.0
hetero_block_decoupled,one_step,10.596372886056477,1,2.6200092124662585e-10,7.859859429970584e-10,0.9999999992140141,1.0
hetero_block_decoupled,one_step,11.392099607392687,1,3.823242852156912e-11,1.1469802885244462e-10,0.999999999885302,1.0
hetero_block_decoupled,one_step,12.247580833582317,1,4.833034898249369e-12,1.450106701383902e-11,0.9999999999854989,1.0
hetero_block_decoupled,one_step,13.16730378461501,1,5.192033839903604e-13,1.5709655798445965e-12,0.999999999998429,1.0
hetero_block_decoupled,one_step,14.156092644919916,1,4.5109286676377026e-14,1.4410694859634532e-13,0.9999999999998559,1.0
hetero_block_decoupled,one_step,15.219133867459028,1,7.031412489292676e-16,1.0880185641326534e-14,0.9999999999999891,1.0
hetero_block_decoupled,one_step,16.36200337801256,1,3.996802888650564e-17,6.661338147750939e-16,0.9999999999999993,1.0
hetero_block_decoupled,one_step,17.590695822349833,1,-0.0,0.0,1.0,1.0
hetero_block_decoupled,one_step,18.91165600969468,1,-0.0,0.0,1.0,1.0
hetero_block_decoupled,one_step,20.33181271741441,1,-0.0,0.0,1.0,1.0
hetero_block_decoupled,one_step,21.858615034246718,1,-0.0,0.0,1.0,1.0
hetero_block_decoupled,one_step,23.50007143269408,1,-0.0,0.0,1.0,1.0
hetero_block_decoupled,one_step,25.26479177553053,1,-0.0,0.0,1.0,1.0
hetero_block_decoupled,one_step,27.162032476755684,1,-0.0,0.0,1.0,1.0
hetero_block_decoupled,one_step,29.20174505387698,1,-0.0,0.0,1.0,1.0
hetero_block_decoupled,one_step,31.394628326189352,1,-0.0,0.0,1.0,1.0
hetero_block_decoupled,one_step,33.75218453284571,1,-0.0,0.0,1.0,1.0
hetero_block_decoupled,one_step,36.28677966507226,1,-0.0,0.0,1.0,1.0
hetero_block_decoupled,one_step,39.01170832898636,1,-0.0,0.0,1.0,1.0
hetero_block_decoupled,one_step,41.94126347923944,1,-0.0,0.0,1.0,1.0
hetero_block_decoupled,one_step,45.09081138925582,1,-0.0,0.0,1.0,1.0
hetero_block_decoupled,one_step,48.476872251305664,1,-0.0,0.0,1.0,1.0
hetero_block_decoupled,one_step,52.11720682918042,1,-0.0,0.0,1.0,1.0
hetero_block_decoupled,one_step,56.030909617986175,1,-0.0,0.0,1.0,1.0
hetero_block_decoupled,one_step,60.23850899970239,1,-0.0,0.0,1.0,1.0
hetero_block_decoupled,one_step,64.76207491984752,1,-0.0,0.0,1.0,1.0
hetero_block_decoupled,one_step,69.62533465004364,1,-0.0,0.0,1.0,1.0
hetero_block_decoupled,one_step,74.85379724368443,1,-0.0,0.0,1.0,1.0
hetero_block_decoupled,one_step,80.47488733750892,1,-0.0,0.0,1.0,1.0
hetero_block_decoupled,one_step,86.51808900090455,1,-0.0,0.0,1.0,1.0
hetero_block_decoupled,one_step,93.01510038746642,1,-0.0,0.0,1.0,1.0
hetero_block_decoupled,one_step,100.0,1,-0.0,0.0,1.0,1.0
hetero_block_decoupled,multi_step,0.15,0,5.703782474656201,0.0,0.0033333333333333335,0.0033333333333333335
hetero_block_decoupled,multi_step,0.15,1,5.14202803874818,0.0013622500353224452,0.005056403739244742,0.006418653774567187
hetero_block_decoupled,multi_step,0.15,2,4.586344271227526,0.004627239536669069,0.007647829211726037,0.012275068748395106
hetero_block_decoupled,multi_step,0.15,3,4.038300990200556,0.011728196732976912,0.011528637282732321,0.023256834015709233
hetero_block_decoupled,multi_step,0.15,4,3.5006091129650008,0.026151530206917187,0.017309529292769864,0.04346105949968705
hetero_block_decoupled,multi_step,0.15,5,2.977852613392718,0.05362934724133526,0.025861888394576003,0.07949123563591126
hetero_block_decoupled,multi_step,0.15,6,2.477394438944049,0.10211477108674907,0.038399735483182366,0.14051450656993145
hetero_block_decoupled,multi_step,0.15,7,2.009988858742032,0.17910988287935475,0.0565556005310547,0.23566548341040947
hetero_block_decoupled,multi_step,0.15,8,1.5889708326714154,0.28441308574906166,0.08240946064983268,0.36682254639889433
hetero_block_decoupled,multi_step,0.15,9,1.2268245690011943,0.40191185895354425,0.11839374960176659,0.5203056085553108
hetero_block_decoupled,multi_step,0.15,10,0.9300662676948468,0.5023270917536216,0.16696219638998216,0.6692892881436037
hetero_block_decoupled,multi_step,0.15,11,0.6964103955358689,0.5601573113300231,0.22992143377357205,0.7900787451035951
hetero_block_decoupled,multi_step,0.15,12,0.5168641928814453,0.5671884699680213,0.30746170912121207,0.8746501790892334
hetero_block_decoupled,multi_step,0.15,13,0.3803638700169079,0.5308220275093076,0.39722631882298326,0.9280483463322908
hetero_block_decoupled,multi_step,0.15,14,0.2771226286505446,0.46558110528620295,0.4940579568984839,0.9596390621846869
hetero_block_decoupled,multi_step,0.15,15,0.1995880961944526,0.3866989667576065,0.5909374799090306,0.9776364466666371
hetero_block_decoupled,multi_step,0.15,16,0.14204340753163577,0.3067935668441045,0.6808883529302386,0.9876819197743432
hetero_block_decoupled,multi_step,0.15,17,0.09998402813354079,0.23439005683752911,0.758841041425673,0.9932310982632021
hetero_block_decoupled,multi_step,0.15,18,0.06973431662950474,0.17378766997248252,0.8224944018400004,0.996282071812483
hetero_block_decoupled,multi_step,0.15,19,0.04829437096060676,0.1259377208385073,0.8720190264885913,0.9979567473270986
hetero_block_decoupled,multi_step,0.15,20,0.03327890667077177,0.08973683709989566,0.9091391023530017,0.9988759394528973
hetero_block_decoupled,multi_step,0.15,21,0.022856811752808508,0.06317836991406767,0.9362024860096552,0.9993808559237228
hetero_block_decoupled,multi_step,0.15,22,0.01566828435689624,0.04411208453957505,0.9555464460151087,0.9996585305546838
